t2m,ssrd,e,sp,tp,year
277.29285,3131412.0,0.00030044094,97800.625,0.0017620316,1974
276.57672,4690008.0,0.0010115942,97040.44,0.0052461713,1974
279.2521,10824857.0,0.0014145011,97388.8,0.0022572344,1974
281.7743,16904724.0,0.0024929661,97375.414,0.0015539039,1974
284.07626,17102084.0,0.0029089479,97414.12,0.0023794523,1974
287.1029,20556276.0,0.0035209516,97493.65,0.0012453098,1974
287.7962,17905294.0,0.003105118,97751.78,0.0022991386,1974
290.10132,15321298.0,0.0025046542,97681.37,0.0025372251,1974
285.92657,12863168.0,0.0019155107,97290.56,0.0012274714,1974
278.3601,6598658.5,0.0012054937,97089.375,0.0037668778,1974
278.23593,3344624.0,0.00065682177,97320.71,0.0043534366,1974
277.92072,2055760.0,0.00037617236,98070.34,0.003089291,1974
277.805,2673148.0,0.00046699494,97718.85,0.00208529,1975
275.59613,5375178.0,0.0007520085,98281.41,0.0020904199,1975
276.42642,8614570.0,0.0012023114,96805.93,0.0030835115,1975
279.78275,16635916.0,0.0024441155,97491.05,0.0010727422,1975
283.92657,18317504.0,0.0028739441,97565.08,0.0021213498,1975
287.60907,17968412.0,0.0030098613,97725.16,0.0028345478,1975
290.7431,16127724.0,0.0028735064,97696.89,0.0022361346,1975
292.42242,15798408.0,0.0029144706,97722.14,0.0024101867,1975
288.21182,9611824.0,0.0019150786,97626.87,0.0033959264,1975
281.0588,4889365.0,0.0009848308,98098.14,0.00438089,1975
277.41406,3386556.0,0.000779178,97571.36,0.0034173427,1975
273.83282,1828280.0,0.00051960815,98282.7,0.0030387086,1975
275.2154,2403684.0,0.0005516093,97776.53,0.0024259922,1976
274.73135,7855174.0,0.0007554516,97856.4,0.0005883509,1976
275.7487,8728480.0,0.0010392331,97807.97,0.0031896401,1976
280.40692,13205906.0,0.0018693982,97600.375,0.00225359,1976
285.78156,17529770.0,0.0027616108,97573.34,0.0019990958,1976
291.55966,19278244.0,0.0033060052,97982.875,0.0021347443,1976
292.93878,19727992.0,0.0034391703,97609.42,0.0020234515,1976
290.77856,17357010.0,0.0030047568,97866.234,0.0019485183,1976
286.2755,10336390.0,0.0019074632,97466.14,0.0037891439,1976
283.8116,7201324.5,0.00095840916,96811.84,0.0008089423,1976
278.34082,3373168.0,0.0004930049,97611.08,0.00317059,1976
273.20172,2411852.0,0.00020011794,96924.32,0.00095732365,1976
274.27695,2570696.0,0.00045924727,97134.54,0.0017571532,1977
277.08038,6095124.0,0.00037370715,96848.086,0.0013858795,1977
279.469,11613033.0,0.0011104206,97779.22,0.0008140743,1977
278.53247,16634392.0,0.0023148973,97448.984,0.0011235237,1977
283.9427,19871790.0,0.0031241626,97451.23,0.0013349261,1977
287.49847,23523432.0,0.003285531,97429.14,0.00044719258,1977
289.50705,19961188.0,0.0027827723,97460.9,0.0023068027,1977
288.46204,18524122.0,0.0021044528,97371.79,0.0006554717,1977
285.16986,10237410.0,0.0015065549,98216.875,0.0027449215,1977
283.9843,6782751.5,0.0010486655,97743.36,0.002242332,1977
278.0337,2994868.0,0.00066571403,97092.484,0.0037208383,1977
276.17938,2736440.0,0.00028901268,97827.45,0.0021165193,1977
274.10553,2879392.0,0.0002598837,97131.73,0.003112158,1978
272.7544,4832646.0,0.00075289514,96677.87,0.0050570094,1978
278.34976,9501946.0,0.0012281546,97167.195,0.0017889644,1978
279.50742,13358576.0,0.0019273907,96989.73,0.0024593084,1978
284.3119,18090258.0,0.0030112825,97352.055,0.0022879522,1978
286.85037,16129328.0,0.002876182,97425.05,0.0034989985,1978
288.13623,17600992.0,0.0031573,97602.3,0.0027693135,1978
287.733,13668572.0,0.0023951111,97827.35,0.0033352545,1978
285.43896,11670747.0,0.0017440515,97845.734,0.0007160057,1978
282.64404,7048286.0,0.0010108752,98200.54,0.0014924868,1978
276.85266,3506192.0,0.0007892987,98546.33,0.003779707,1978
275.19696,2466436.0,0.00030847918,96554.22,0.002365823,1978
268.18878,2896548.0,0.00037565175,97238.984,0.0022855152,1979
273.40112,5057862.0,0.00034916122,96977.65,0.0027075016,1979
277.55865,8821920.0,0.0013507884,96770.81,0.004265933,1979
279.45654,16001290.0,0.00216074,97188.96,0.0019556668,1979
283.9167,15063936.0,0.0025878903,97651.414,0.0032993108,1979
288.53003,17289016.0,0.0030281888,97819.14,0.0026183864,1979
289.0404,16912636.0,0.0029632663,97975.055,0.0022520015,1979
287.9466,15543026.0,0.0025029136,97529.09,0.001289729,1979
286.69678,9761622.0,0.0014868844,98047.24,0.0017239382,1979
283.7287,7064586.5,0.00086624455,97345.82,0.00064574205,1979
277.30334,4216508.0,0.00033759046,97600.055,0.0005379488,1979
276.8391,2539996.0,0.0004733391,97204.56,0.0049207425,1979
272.42957,4030096.0,0.00015129056,97493.09,0.0017075433,1980
277.1392,5611292.0,0.00040287152,97915.66,0.0031778615,1980
277.74377,7751656.0,0.0012478963,96977.41,0.004478497,1980
279.47772,14491520.0,0.00211968,97784.11,0.0030458928,1980
283.90173,18432306.0,0.0029597562,97350.836,0.0032619918,1980
286.7833,18135328.0,0.003214552,97372.14,0.0026108183,1980
287.42404,17165250.0,0.0030164802,97395.41,0.0016327486,1980
289.33865,13855434.0,0.0025355984,97738.69,0.0032684922,1980
287.57825,11791548.0,0.0018198891,98013.24,0.0009755338,1980
281.4826,7867513.0,0.001169634,97285.78,0.00215229,1980
276.0721,3311208.0,0.0005648192,97653.625,0.0030913653,1980
273.54938,2328740.0,0.00060354546,97882.3,0.005322268,1980
273.09824,3394468.0,0.00022683479,98063.586,0.0025141193,1981
273.4859,5921172.0,0.0007680636,97896.56,0.0026613038,1981
280.48114,8675707.0,0.0012450321,96973.47,0.0032890346,1981
281.4671,15266960.0,0.002176358,97703.97,0.001671681,1981
285.08844,19005330.0,0.003082389,97175.89,0.0023317519,1981
287.30463,16438324.0,0.0029385816,97803.875,0.0038369682,1981
288.9127,13658804.0,0.0026355432,97749.766,0.004730325,1981
289.7091,13838534.0,0.0025956929,97960.836,0.0031650232,1981
287.1809,11605448.0,0.0019381018,97649.625,0.0012291895,1981
281.35626,6602237.0,0.0011439687,97180.36,0.002729781,1981
278.06848,3993848.0,0.00048260856,98362.97,0.0022223382,1981
272.86188,2283680.0,0.00025093276,96218.16,0.002760836,1981
271.99713,3415904.0,0.00034727436,97816.875,0.0029415067,1982
275.03796,6927108.0,0.0003320612,97927.95,0.0016937024,1982
277.38806,8428819.0,0.0013596877,97628.47,0.0036503163,1982
279.8557,14199586.0,0.002005971,97834.99,0.0020008734,1982
285.12543,17546026.0,0.002927198,97891.2,0.0026391242,1982
289.20032,16609522.0,0.002999504,97548.85,0.0046552024,1982
291.74255,15839640.0,0.002949383,97807.91,0.003589087,1982
289.4353,14799550.0,0.0027127713,97622.96,0.0023478973,1982
289.2508,10766145.0,0.001865916,97830.61,0.0033545224,1982
282.8142,5349512.0,0.0010911729,97237.48,0.005184775,1982
279.77405,3534600.0,0.0005365405,97574.44,0.0017301342,1982
275.64267,2418196.0,0.00033541396,97390.47,0.0046078553,1982
276.73102,3266564.0,0.00025026128,98505.17,0.0022788986,1983
272.61096,6721066.0,0.0004962031,97706.05,0.0005922828,1983
277.75262,10795988.0,0.0014888784,97686.625,0.003329798,1983
280.8271,15931448.0,0.0022459175,96908.84,0.0011123759,1983
282.82532,19345430.0,0.0030539138,97009.72,0.0021584043,1983
288.99957,19123660.0,0.0032811407,97947.52,0.0026978152,1983
293.96027,19451910.0,0.003468249,97794.45,0.0019407971,1983
291.8323,14661328.0,0.0024151355,97798.09,0.0018410705,1983
286.81616,12114373.0,0.0018801047,97654.22,0.0020754887,1983
282.70813,5412764.5,0.0009590229,98171.21,0.0036543962,1983
277.37543,3683392.0,0.00069043087,97799.67,0.0024910842,1983
275.06638,2263072.0,0.0004833173,97689.055,0.0038653146,1983
274.5704,2490672.0,0.00044381432,97086.766,0.0023706076,1984
273.94324,6679200.0,0.000546976,97844.99,0.0024050353,1984
276.10803,9205154.0,0.001183805,97428.53,0.002753938,1984
279.65005,12551862.0,0.0020606867,97803.78,0.0052572675,1984
282.52484,12528282.0,0.0022715358,96850.81,0.006515325,1984
286.59906,20003118.0,0.0034346776,97713.84,0.001977301,1984
289.2844,23167578.0,0.004124158,97895.67,0.001011655,1984
290.46777,17211554.0,0.002635059,97811.16,0.0010594992,1984
285.71875,10929333.0,0.001886744,97153.414,0.0031972828,1984
283.52774,6590008.5,0.0010417709,97742.734,0.0013968493,1984
280.01227,4663532.0,0.0004466381,96986.2,0.002062322,1984
275.27002,2664876.0,0.00028634723,98164.67,0.0016061738,1984
268.96155,2446100.0,0.000468296,97135.39,0.0055957125,1985
272.4854,6168134.0,0.0005590739,98021.64,0.0030285248,1985
276.12537,11154845.0,0.0012738351,97287.7,0.0018803506,1985
280.85257,17230414.0,0.002404023,97231.01,0.0017219709,1985
285.59265,13815080.0,0.0022482267,97164.2,0.004440013,1985
286.1642,18872848.0,0.0031556198,97484.0,0.0023778654,1985
290.24323,19071156.0,0.003386123,97764.72,0.0017482782,1985
288.34457,15955706.0,0.002747626,97678.67,0.0015932579,1985
287.48712,8224471.5,0.001680742,98132.13,0.004714787,1985
282.964,5530688.5,0.0010875529,98391.41,0.0035427725,1985
274.30423,3939376.0,0.000714371,97343.59,0.0029887194,1985
276.77637,2356864.0,0.00026372075,97650.375,0.00135255,1985
274.07593,3358400.0,0.00016925484,96894.39,0.0021674908,1986
269.0138,7644662.0,0.0003620144,97232.31,0.0011994173,1986
276.65613,8903118.0,0.001156983,97409.28,0.0029951083,1986
278.53128,15281774.0,0.00239727,96996.34,0.0027838508,1986
285.8362,17360688.0,0.0029639592,97781.9,0.0027785841,1986
289.16333,16955768.0,0.0030253334,97691.555,0.0034072967,1986
289.71155,19515622.0,0.0034731869,97839.53,0.0018926758,1986
288.9142,14980372.0,0.0026488546,97546.84,0.0022428855,1986
284.68195,12637576.0,0.0019510528,98116.0,0.0013418858,1986
284.0141,8598714.0,0.0010527242,97895.41,0.0006668201,1986
279.25082,3566340.0,0.00047012884,98089.5,0.0031918392,1986
275.77582,2397600.0,0.00040415023,97829.69,0.002102605,1986
269.64838,2767644.0,0.00048891176,97842.31,0.0038870508,1987
273.8817,7703974.0,0.00034414884,97376.45,0.0006147029,1987
274.69183,8992261.0,0.0010293149,97577.14,0.0034369316,1987
282.2813,12616464.0,0.001887924,97718.18,0.0036571648,1987
282.45837,18044438.0,0.0029313918,97571.734,0.002453099,1987
286.55646,20137212.0,0.0036634728,97503.89,0.002726445,1987
289.5114,17845648.0,0.0031079464,97614.13,0.0017515029,1987
288.79208,15249900.0,0.0026833396,97628.875,0.0035090877,1987
288.54358,11232414.0,0.0016943561,97801.2,0.0028759534,1987
283.67657,6890537.0,0.0011120122,97394.805,0.002943423,1987
278.25732,3498600.0,0.00062274,97584.32,0.0020793031,1987
275.80975,2474104.0,0.00040495582,98021.08,0.002762034,1987
277.4973,4045308.0,0.00023367815,96967.52,0.0013440213,1988
275.30145,4700206.0,0.00032136496,97308.61,0.0022331653,1988
277.08234,10749004.0,0.0009928951,97153.73,0.0028120638,1988
281.58228,16071054.0,0.002391111,97496.87,0.0017987875,1988
286.91876,16657188.0,0.0026664678,97256.13,0.003043803,1988
288.0194,15338860.0,0.0027099662,97547.86,0.004398908,1988
288.8187,18122224.0,0.003394003,97560.305,0.00426338,1988
290.0199,15085964.0,0.0027177613,97530.445,0.0025069283,1988
286.39777,11774254.0,0.002072718,97870.31,0.0031582962,1988
283.8525,7076418.0,0.0014154352,97692.49,0.004360137,1988
276.8412,3482392.0,0.00065535493,98153.83,0.002410202,1988
277.94016,2522232.0,0.0002074251,98273.016,0.0010595294,1988
275.88666,2570692.0,0.00070242584,98971.14,0.004455849,1989
276.147,5769344.0,0.0008841539,97772.914,0.004284837,1989
280.5719,7760073.0,0.0012870701,97454.39,0.004461116,1989
279.92847,17167938.0,0.0024001827,96832.94,0.0011087437,1989
287.30554,18726310.0,0.003277341,97946.15,0.0036340365,1989
288.17456,18332862.0,0.003112888,97690.59,0.00177316,1989
291.08398,17363026.0,0.0032859603,97934.625,0.004291278,1989
290.25458,17114372.0,0.0028903903,97565.57,0.0011212266,1989
287.35703,10129576.0,0.0017484492,97899.08,0.0021529973,1989
284.03214,6785298.0,0.0011108425,97933.47,0.00298438,1989
276.6446,4076360.0,0.00036452524,97649.84,0.0018519949,1989
276.412,1629024.0,0.00038299803,97351.43,0.0023982748,1989
275.8002,3308104.0,0.0002640793,98082.234,0.00088851026,1990
279.21716,5212596.0,0.0006690929,97350.305,0.0022100694,1990
280.03418,10607305.0,0.0016310113,98640.83,0.0026003665,1990
280.31897,11132666.0,0.0018951232,97402.39,0.0053368197,1990
287.04028,23403632.0,0.0038655838,97918.64,0.0015914105,1990
287.8223,20377068.0,0.0036197267,97445.64,0.0029865499,1990
290.42654,20386960.0,0.0035614176,97937.63,0.0021345904,1990
292.15906,16026770.0,0.0027216934,97920.25,0.0021180043,1990
285.41885,11104441.0,0.0017989036,97759.66,0.0022406054,1990
284.21362,7095763.0,0.0011032745,97272.77,0.0017424554,1990
278.11768,4628416.0,0.0005121026,97327.97,0.0018911965,1990
274.4817,2820488.0,0.00054365676,97646.375,0.004040799,1990
274.92163,2472244.0,0.00045337714,98224.3,0.0022844754,1991
271.82996,6233046.0,0.0011199294,97601.35,0.0047499575,1991
280.59393,11508505.0,0.0014780834,97326.234,0.00085751835,1991
280.32794,15479800.0,0.0022676317,97547.59,0.0023916624,1991
283.04492,22645530.0,0.0036186986,97941.5,0.0011387641,1991
285.9898,16391596.0,0.0028859032,97420.36,0.003495797,1991
292.06683,22060966.0,0.0036707353,97656.72,0.0011063968,1991
291.997,17192110.0,0.0025261808,97959.836,0.0026011702,1991
289.03763,11071316.0,0.0017358409,97644.805,0.0018094652,1991
282.13452,7792631.0,0.0011917809,97641.516,0.0032722722,1991
277.25555,3428964.0,0.0006238632,97348.17,0.0027540294,1991
274.28192,2325180.0,0.00030912925,98717.766,0.003355603,1991
274.44495,3534000.0,0.00056770165,98830.4,0.0029137358,1992
276.1214,7322542.0,0.00019763038,98389.41,0.001188734,1992
278.4201,9492012.0,0.0012640497,97512.01,0.0017179452,1992
280.91058,17523136.0,0.0024066414,97281.83,0.0016829704,1992
287.22125,19301296.0,0.0028271005,97818.12,0.00066197495,1992
289.18268,15989920.0,0.002617767,97430.7,0.002447171,1992
291.14908,20505174.0,0.0034206547,97713.25,0.0016553206,1992
291.73285,19893066.0,0.002670465,97472.61,0.0007093149,1992
286.59204,12436835.0,0.0014259908,97858.516,0.002148553,1992
280.32602,6565164.0,0.0009461064,96904.91,0.0015248389,1992
279.49646,3695488.0,0.0007118955,97574.63,0.0028297303,1992
276.02313,2685948.0,0.00021650549,97780.36,0.0018859734,1992
276.98825,3637260.0,0.00022816006,98311.34,0.0007032742,1993
273.19763,6022244.0,0.00051312614,98675.125,0.0015286737,1993
277.72375,8728215.0,0.0013342099,98076.0,0.0029628095,1993
283.24023,15536574.0,0.0023176558,97106.03,0.0015530094,1993
287.16138,20570118.0,0.0034656292,97358.89,0.0017617526,1993
289.4203,18950328.0,0.0033795228,97629.44,0.0033552612,1993
289.48077,18539802.0,0.0032994365,97696.67,0.0023521155,1993
289.46106,15844128.0,0.0029407665,97901.625,0.0031867689,1993
285.68542,11864401.0,0.0019098036,97204.28,0.0012838662,1993
281.45316,6416810.0,0.0010471744,97361.45,0.0027830463,1993
274.60907,3235696.0,0.0006559966,97896.68,0.0037341272,1993
276.88312,2746824.0,0.0004090732,96913.55,0.0019395337,1993
276.21472,2813160.0,0.00048582722,97366.2,0.0027178356,1994
274.91486,7109798.0,0.0004397547,97335.92,0.0007056364,1994
279.87662,12696668.0,0.0013386179,97794.56,0.00034023245,1994
280.51233,15844306.0,0.0025449786,97152.55,0.0017019731,1994
285.25848,18177088.0,0.0031885859,97328.33,0.0028301126,1994
288.90704,19215548.0,0.0033069728,97893.25,0.0010554966,1994
294.38235,17698506.0,0.002768416,97731.16,0.0024640036,1994
290.53094,18609790.0,0.0024374751,97549.0,0.00036373263,1994
286.11075,9539676.0,0.0015470628,97394.586,0.004994847,1994
282.00464,6312561.0,0.0012177927,97568.44,0.003659705,1994
281.9049,4498476.0,0.00041312445,97937.66,0.0009989309,1994
277.47345,1649708.0,0.0005875593,97930.81,0.0071792253,1994
275.1362,2637972.0,0.0005750917,97507.75,0.0038999177,1995
278.22516,5836888.0,0.00038823113,97344.23,0.0018129032,1995
276.65906,8344209.0,0.0013350905,97364.48,0.0021724417,1995
281.5246,14165518.0,0.00216272,97616.766,0.0029899639,1995
285.2879,16916358.0,0.0028166221,97588.92,0.0025292311,1995
287.08377,21872886.0,0.0038005495,97703.83,0.0023988672,1995
293.33124,21634860.0,0.0038147252,97607.08,0.0017750605,1995
291.81097,15629278.0,0.0027686004,97727.375,0.0033664699,1995
285.48773,9546015.0,0.001774312,97287.59,0.0040795524,1995
285.8141,8276705.0,0.0012571295,98135.56,0.0025767721,1995
277.95392,3242636.0,0.000512708,97741.84,0.0014099359,1995
273.5134,2400788.0,0.00056656264,97488.11,0.0034603088,1995
273.36288,3090912.0,0.0006754445,97287.39,0.006402112,1996
272.73022,4790870.0,0.0008990159,97174.414,0.0040657646,1996
275.86493,10775050.0,0.0014538802,97542.2,0.0039975564,1996
281.3632,12874430.0,0.0019079973,97648.46,0.0024072437,1996
283.56207,18768202.0,0.0031223753,97337.84,0.0021331555,1996
288.40588,19363340.0,0.003384226,98047.83,0.0022079956,1996
289.2242,20665812.0,0.0038255062,97825.11,0.0024996044,1996
289.80182,17584026.0,0.0031364355,97579.984,0.0018910763,1996
284.44247,9494991.0,0.0017360542,97605.3,0.0034386104,1996
282.82202,6989402.5,0.00095793884,97755.31,0.0015585002,1996
277.60773,3943284.0,0.0005262438,97085.625,0.00090382976,1996
272.5673,2629768.0,0.00024794415,97257.69,0.0025350389,1996
270.10767,3755044.0,0.00022155698,98078.5,0.000827763,1997
277.26312,6073784.0,0.00043201353,98005.66,0.0026503373,1997
280.32562,11586307.0,0.0011414653,98344.484,0.0010081567,1997
279.9123,17890766.0,0.00248437,97956.41,0.0007492627,1997
285.1112,14821468.0,0.0024420908,97533.64,0.0028401562,1997
288.00378,20328240.0,0.0033568693,97084.89,0.001554903,1997
289.58954,20048076.0,0.0031621717,97820.91,0.001564413,1997
293.1322,15909182.0,0.00251487,97693.31,0.003025404,1997
287.51178,11093192.0,0.0016197134,98164.94,0.00092095963,1997
281.94727,6337924.0,0.0009833742,97744.734,0.002226276,1997
278.5122,3069248.0,0.0005799327,96860.89,0.004447251,1997
275.87073,2928828.0,0.0002985131,97285.734,0.0022622466,1997
275.69568,3846100.0,8.606538e-05,97682.8,0.00086682086,1998
276.5927,5421620.0,0.00088678766,98524.09,0.004365934,1998
278.74423,9992097.0,0.0013218299,98192.5,0.0011465396,1998
280.72095,16579678.0,0.0021888558,96503.56,0.0008314041,1998
286.72562,19806472.0,0.0032638311,97619.195,0.0029972324,1998
288.5841,17575744.0,0.003330458,97657.31,0.00514323,1998
288.89056,19358198.0,0.0034859646,97497.375,0.0021794187,1998
290.34497,17456988.0,0.0031988593,97864.266,0.0020300865,1998
286.6119,14006169.0,0.0020655226,97188.17,0.00094783405,1998
282.02625,7722257.5,0.0011290195,97378.92,0.001838614,1998
274.9079,3614564.0,0.0006097718,97784.94,0.0035662036,1998
275.25458,2096200.0,0.0004523825,98009.25,0.0034576554,1998
276.39392,3437540.0,0.0005847523,97521.695,0.0027818414,1999
274.5003,6477524.0,0.00046949927,97616.31,0.00058052957,1999
278.99713,10072965.0,0.0014631264,97189.625,0.001630511,1999
281.6244,12040316.0,0.0020646611,97370.2,0.0055034263,1999
286.60068,19089208.0,0.0032361904,97585.67,0.0015794705,1999
287.73105,18921270.0,0.0034519136,97820.32,0.0025982498,1999
291.72675,15492420.0,0.0028061466,97702.03,0.0016119014,1999
290.32166,16830812.0,0.0025754785,97428.26,0.00079198775,1999
289.69827,9225388.0,0.0018057879,97275.59,0.004116426,1999
282.50232,4714919.0,0.0011596307,97668.8,0.0054120705,1999
276.8919,4065812.0,0.0005028285,98069.84,0.0020759813,1999
275.3836,2405392.0,0.00031381473,97178.0,0.0018658823,1999
275.00378,2956256.0,0.0004629437,98387.7,0.002726425,2000
276.95508,5700082.0,0.00053142477,98066.75,0.00237974,2000
278.57224,9323850.0,0.0013410556,97948.84,0.0029063213,2000
282.12256,14626170.0,0.0021996265,96792.58,0.0033573867,2000
286.91547,18355754.0,0.003065872,97559.19,0.0017556404,2000
289.25406,19957788.0,0.0033787545,98016.0,0.002188805,2000
287.62494,19803994.0,0.0034842985,97359.72,0.0015474538,2000
290.49652,15590040.0,0.0026904065,97816.734,0.002445759,2000
287.66013,11880966.0,0.002074142,97481.12,0.0032685406,2000
283.27222,7085030.0,0.0011383342,97367.8,0.00228548,2000
279.44247,3965284.0,0.00050852075,96635.81,0.0017009771,2000
277.70923,2170704.0,0.00057599694,97041.78,0.0059594363,2000
275.41553,3018036.0,0.00027731806,97193.75,0.001209143,2001
276.4565,5712058.0,0.0007607946,97726.7,0.0031137576,2001
279.06567,8890264.0,0.0012913989,96545.266,0.0026088243,2001
279.74054,15855326.0,0.0024298206,97300.375,0.0021766373,2001
287.05658,17813900.0,0.0031233542,97676.695,0.0034459701,2001
287.38687,22347036.0,0.003830541,97750.25,0.0016239323,2001
290.9472,15638066.0,0.0028295228,97548.63,0.0053566927,2001
291.29346,18169196.0,0.003137351,97686.25,0.0018543261,2001
284.5487,10128063.0,0.001805082,97392.84,0.0028421166,2001
286.1253,6183767.0,0.0012289062,97756.07,0.0029778956,2001
277.06012,3189664.0,0.0008618459,98148.68,0.0042782356,2001
273.50336,2464980.0,0.00059555005,98183.88,0.0032152676,2001
273.74036,3339804.0,0.00058784895,98340.64,0.003660812,2002
278.33026,6169036.0,0.0007603094,97362.14,0.002529346,2002
279.00363,7763687.0,0.0012573954,97753.66,0.0052002943,2002
281.29907,13947664.0,0.0021316716,97477.18,0.0043335776,2002
285.4326,19903434.0,0.003355804,97415.33,0.00097068306,2002
290.0056,19895904.0,0.0033001425,97644.836,0.0022352391,2002
290.30835,19307612.0,0.0035930453,97541.82,0.003043319,2002
290.9735,17591578.0,0.0030814856,97531.17,0.0020433352,2002
286.37738,8723325.0,0.0015950296,97854.89,0.00325439,2002
282.86264,6814512.0,0.0011281138,97283.984,0.0016301068,2002
280.43945,3673608.0,0.00047176983,96887.76,0.0024325748,2002
276.76196,2829164.0,0.00019502081,97448.36,0.0024652989,2002
272.813,3216000.0,0.00039886776,97522.734,0.003388699,2003
273.1941,8074110.0,0.0003824709,97942.805,0.00091098197,2003
279.87735,13093897.0,0.0015865546,98243.06,0.0012750642,2003
281.87698,17710756.0,0.002583643,97577.55,0.0019830202,2003
286.30267,19076520.0,0.0031963978,97760.47,0.002586626,2003
292.46692,22345576.0,0.0037893988,97655.32,0.001253103,2003
292.06763,20389620.0,0.0031629438,97679.06,0.0020228291,2003
294.56818,20565894.0,0.00301209,97775.19,0.0021175698,2003
287.34564,14332260.0,0.002044675,98040.805,0.001552446,2003
280.45947,6954047.0,0.000973979,97273.72,0.002466112,2003
279.99127,3860240.0,0.000592866,97572.016,0.0020299372,2003
275.6469,2998392.0,0.0004094299,97763.72,0.0019216264,2003
274.16696,2805684.0,0.00039460324,97020.28,0.00441828,2004
275.86847,6420336.0,0.0007145917,97919.21,0.0010166597,2004
277.2943,11010263.0,0.0013064397,97984.64,0.0016373777,2004
282.003,16009528.0,0.0024642292,97277.375,0.0017858607,2004
284.50604,20609858.0,0.003194659,97507.664,0.0021495349,2004
288.33817,20061756.0,0.0033033649,97823.45,0.0019830514,2004
289.8673,19038842.0,0.0032999646,97701.58,0.0027265493,2004
291.25732,15479684.0,0.0029588882,97345.57,0.003346034,2004
287.9759,12874743.0,0.0020502228,97991.58,0.0009191506,2004
283.8813,7009307.5,0.0010729907,97175.14,0.0025108573,2004
277.99786,3550712.0,0.0004970059,98049.77,0.001201646,2004
273.81674,2785048.0,0.00016651861,97844.28,0.0019941214,2004
275.39746,3270140.0,0.00037358422,98175.7,0.0014952525,2005
272.327,6752626.0,0.0004998334,97719.66,0.0017371577,2005
277.8584,10987842.0,0.0011408888,97578.164,0.0014631377,2005
282.29895,15422148.0,0.0023294566,97395.92,0.002578016,2005
285.40668,19573926.0,0.0032931585,97691.945,0.002831017,2005
290.19006,20874680.0,0.0036412235,97891.336,0.001770048,2005
291.106,18581890.0,0.0034794258,97577.08,0.002472861,2005
288.91733,15859638.0,0.0026323618,97786.39,0.002190401,2005
288.69196,12686697.0,0.002024224,97858.5,0.001423714,2005
285.8943,7875037.0,0.0010916041,97819.84,0.0017515798,2005
278.0606,4011484.0,0.0005419683,97681.58,0.0019210447,2005
274.34088,2228620.0,0.00029390957,97688.34,0.0024004155,2005
272.79193,4058072.0,0.00013868604,98219.26,0.0010093475,2006
274.03912,5384248.0,0.00047539733,97346.16,0.00248593,2006
275.8178,10665109.0,0.0010346407,97032.03,0.0032875938,2006
280.91357,15448310.0,0.0022882503,97470.83,0.0019272943,2006
285.80038,16241916.0,0.0029683234,97562.34,0.00380324,2006
289.55194,22339672.0,0.0038606497,98025.5,0.0015195408,2006
295.49548,23308060.0,0.0040918216,97922.25,0.0011154265,2006
288.0924,14055872.0,0.0024333755,97291.836,0.005266042,2006
290.06805,12605161.0,0.0021126317,97566.66,0.0013202145,2006
286.05438,7368266.0,0.0013473453,97426.13,0.0032178427,2006
280.63553,3587884.0,0.0007052319,97806.8,0.0029341795,2006
277.1155,2654328.0,0.0005091969,98346.3,0.0023396285,2006
277.97186,2680376.0,0.0006729858,97915.07,0.003167512,2007
278.1726,5283012.0,0.0008731084,97099.13,0.0040526534,2007
279.015,10560920.0,0.0015345486,97526.93,0.0031029661,2007
285.5003,20991056.0,0.0030350168,97981.16,7.935027e-05,2007
287.19464,17314298.0,0.003051688,97183.04,0.0032505314,2007
289.74915,18625316.0,0.0034824237,97318.04,0.0038728537,2007
289.0562,17937406.0,0.0034891106,97477.33,0.0035812147,2007
289.2535,15461440.0,0.0029087802,97573.06,0.0041772476,2007
285.696,10873929.0,0.0018192604,97990.86,0.0015189507,2007
282.53928,7560441.0,0.001001454,98284.17,0.0010857576,2007
277.26654,3504484.0,0.000568199,97935.125,0.0014584904,2007
274.67294,2954436.0,0.0003840821,98186.25,0.0028264856,2007
276.67963,3065820.0,0.0005546035,97811.6,0.0026539925,2008
276.8258,6304062.0,0.0006443178,98483.766,0.0028353934,2008
277.4639,9443731.0,0.0014528679,96767.08,0.004879726,2008
280.33868,13606288.0,0.0020396048,97104.53,0.003151695,2008
287.75568,20239796.0,0.00350889,97469.41,0.0022441028,2008
288.93976,19406208.0,0.003462242,97694.85,0.00290806,2008
290.17462,19581294.0,0.0035072546,97627.89,0.0024162673,2008
289.95825,14879770.0,0.00274623,97492.53,0.002610421,2008
285.25415,11192409.0,0.0018573683,97814.836,0.0027187357,2008
282.19995,6230288.5,0.0010154424,97728.086,0.0023812766,2008
278.44745,3279808.0,0.00057837367,97428.516,0.001998497,2008
274.14688,2540592.0,0.00021646637,97744.41,0.001858607,2008
272.05786,3991148.0,0.00018236507,97378.67,0.0017289313,2009
274.59174,4755034.0,0.00044880435,97379.54,0.0019985747,2009
277.5656,9926064.0,0.0013911529,97489.79,0.0026065768,2009
284.17343,16400846.0,0.0025377776,97370.06,0.0018502482,2009
286.5556,17994588.0,0.0029737428,97911.81,0.0017777118,2009
288.07892,20430150.0,0.0034566699,97675.125,0.0028830394,2009
290.6811,19978730.0,0.0035831938,97580.61,0.002479488,2009
291.7984,18987844.0,0.0031515183,97806.45,0.0013244025,2009
288.11182,11981661.0,0.0017369725,98070.42,0.0014250517,2009
282.64856,6767384.5,0.0008972902,97771.39,0.00150694,2009
280.73505,3195580.0,0.0008650627,96907.375,0.0044861566,2009
274.52945,2272456.0,0.0002781842,96755.875,0.003679417,2009
271.5414,3201580.0,0.00016447622,97337.03,0.0017723523,2010
274.24976,5201686.0,0.00048396364,96408.95,0.0033284859,2010
277.54803,10988539.0,0.0013246173,97676.51,0.001920685,2010
281.66455,17983698.0,0.0026110532,97861.39,0.0012403812,2010
283.63907,17000880.0,0.0028083632,97446.734,0.0032736056,2010
289.48224,20862184.0,0.0036896048,97601.6,0.0014974971,2010
292.59497,20925790.0,0.0035418859,97769.2,0.0021703166,2010
289.39185,14575098.0,0.0026119016,97520.34,0.0037903592,2010
285.74286,11502719.0,0.0018956037,97599.64,0.003060361,2010
282.16547,7763534.0,0.0012092358,97435.625,0.0015434318,2010
278.24695,3110276.0,0.0006561894,96668.03,0.0031958208,2010
271.06757,2380568.0,0.00017560273,97159.69,0.0036423774,2010
275.1431,3013148.0,0.00029900298,97830.97,0.00247963,2011
275.97485,5327400.0,0.0005041389,97729.9,0.0012294332,2011
279.29047,12606298.0,0.0014897287,98079.67,0.0006733531,2011
285.18295,18371750.0,0.002738838,97861.46,0.0007519548,2011
287.44244,22181132.0,0.0030326685,97878.81,0.0010353865,2011
289.09464,18978952.0,0.0030764285,97691.97,0.0026569075,2011
288.6666,18153748.0,0.0027239146,97372.69,0.0022273145,2011
290.29077,15998148.0,0.002840531,97531.91,0.0040064645,2011
288.6471,12374439.0,0.0020167492,97761.766,0.0015377792,2011
283.3442,7640429.0,0.0010413481,98010.91,0.0013088258,2011
279.45117,4454148.0,0.00041695824,97989.74,0.00050350226,2011
277.31073,2012084.0,0.0006590355,97440.266,0.0061669047,2011
276.0747,2865236.0,0.00051744096,98094.625,0.0030033453,2012
271.47717,6442086.0,0.00018677674,98628.95,0.00063293194,2012
280.51373,12222093.0,0.0015501231,98591.58,0.0010768659,2012
280.59265,14709766.0,0.0022736602,96581.734,0.0036903438,2012
286.87448,19521640.0,0.0033855224,97557.36,0.003158555,2012
287.9043,16155936.0,0.002966878,97432.25,0.004164142,2012
289.4642,19059564.0,0.0035292413,97599.47,0.0030474092,2012
291.70242,19362344.0,0.0034596678,97698.13,0.0011836556,2012
286.89923,12821732.0,0.0019375123,97635.945,0.0027242107,2012
282.91534,7208928.5,0.0012140544,97221.61,0.0029160935,2012
278.9416,3026296.0,0.0005201511,97257.36,0.0023575681,2012
276.31342,2202576.0,0.0004947968,97161.69,0.0041905884,2012
273.85986,2764616.0,0.00030280836,97389.53,0.0019590424,2013
272.255,6150976.0,0.00040850602,97431.04,0.0017722537,2013
274.69266,10568920.0,0.0009985631,96709.97,0.0018652766,2013
280.90115,14800388.0,0.002210949,97458.33,0.002393583,2013
283.4651,14964658.0,0.0025508096,97159.31,0.005381199,2013
288.13644,19686220.0,0.0035226298,97804.695,0.0027708847,2013
292.68097,21199402.0,0.00389243,97963.58,0.001907889,2013
290.7882,17208316.0,0.0029888516,97826.05,0.0015495883,2013
287.06055,11568065.0,0.0019797366,97590.64,0.003503372,2013
284.75934,6346890.0,0.0012253765,97536.66,0.0035828904,2013
277.86282,3059324.0,0.0006635869,97555.56,0.003524375,2013
276.4519,2426452.0,0.00045805704,97992.58,0.0020675103,2013
277.19025,2793900.0,0.0005692765,96804.484,0.0029522001,2014
277.40436,4859800.0,0.00094384234,96694.84,0.0038383922,2014
280.05865,12911329.0,0.0015837466,97625.58,0.0006645652,2014
283.9187,16487820.0,0.0023520282,97441.86,0.0007989824,2014
285.27972,18321590.0,0.003050033,97574.06,0.0028305636,2014
289.70108,22456136.0,0.0034444546,97743.79,0.0012936213,2014
291.76617,18556274.0,0.003459094,97451.94,0.004042532,2014
288.47806,14843412.0,0.002722429,97407.34,0.0043753353,2014
288.14203,11220265.0,0.0017988244,97833.11,0.0009542771,2014
285.35962,6507924.5,0.0010657394,97649.31,0.003395093,2014
280.4784,3634456.0,0.0005561169,97065.56,0.0031183504,2014
275.9649,1895900.0,0.0003975518,97870.57,0.0028927661,2014
274.82373,2709516.0,0.00041159242,97599.94,0.0032051536,2015
274.24957,6553746.0,0.00064956024,97564.57,0.0018111796,2015
278.3197,10790510.0,0.0013820669,97938.125,0.0017202183,2015
281.99008,17603800.0,0.002581535,98014.27,0.0020743771,2015
285.21918,16855758.0,0.0027987482,97629.26,0.001737753,2015
289.36603,20095950.0,0.0033910032,97928.55,0.0011541292,2015
293.06946,20414896.0,0.00328785,97613.16,0.0015140998,2015
292.76587,17494628.0,0.0027991114,97577.92,0.002217788,2015
285.86,11294306.0,0.0019552605,97739.41,0.004288399,2015
282.39972,6350760.0,0.0008662995,97764.68,0.001165052,2015
280.8481,3271716.0,0.000647692,97889.89,0.0028495614,2015
280.07123,2687448.0,0.00035526976,98547.47,0.0011617191,2015
275.4144,2916136.0,0.00043796934,97261.24,0.0032661383,2016
276.4906,5124166.0,0.0008273991,97099.09,0.0037222472,2016
277.0915,9541611.0,0.001242321,97345.914,0.002765602,2016
280.62195,15552386.0,0.0023522275,97257.95,0.0027859455,2016
285.72214,17650238.0,0.0029496066,97338.34,0.0040374785,2016
289.04507,17246796.0,0.003162928,97457.08,0.0054898527,2016
291.1318,19474610.0,0.003590093,97844.59,0.0017905029,2016
291.4801,17617926.0,0.0030604275,97972.67,0.0009010195,2016
290.10236,13476303.0,0.0019493,97879.53,0.0009990616,2016
282.23795,6856469.0,0.00087542273,98035.16,0.002223651,2016
278.21628,3332268.0,0.0006354423,97468.69,0.0031234997,2016
274.8266,3108268.0,0.00017819926,98867.95,0.00034510513,2016
272.01794,3903260.0,0.00019106269,98183.266,0.0013298172,2017
277.48804,5317900.0,0.0006944798,97585.04,0.0024595049,2017
280.9364,11023864.0,0.0015887134,97642.81,0.002059732,2017
280.84393,17368070.0,0.0022588484,98022.58,0.00060125184,2017
287.6187,20692734.0,0.0033766674,97684.94,0.0017798238,2017
291.7761,22007682.0,0.0035034474,97521.37,0.0017190031,2017
291.8673,18554644.0,0.0032125479,97561.3,0.003156736,2017
291.1541,16041788.0,0.002757811,97762.5,0.0024224836,2017
285.94324,11256163.0,0.001864858,97562.375,0.0038388362,2017
284.53162,6955002.5,0.0010748254,98067.84,0.0012415536,2017
278.45148,3440172.0,0.00056389347,97601.17,0.0034258885,2017
276.16394,2019292.0,0.00042141043,97460.36,0.004420283,2017
277.98975,2507512.0,0.0006034961,97330.516,0.0054313666,2018
271.89493,7755468.0,0.0004584752,97523.04,0.0010091924,2018
276.92365,9208987.0,0.0010924218,96374.99,0.0026899625,2018
284.8169,17839948.0,0.0028594797,97261.61,0.002084772,2018
288.48593,21826560.0,0.0037050033,97580.125,0.002240276,2018
290.61212,20019128.0,0.003511846,97784.92,0.0019521229,2018
294.20282,22656042.0,0.0034418935,97662.34,0.00075901387,2018
293.02948,18424786.0,0.0024564322,97772.81,0.0014498477,2018
288.68774,14153086.0,0.0016434491,98122.08,0.0012108159,2018
284.925,8841145.0,0.00083091855,97752.22,0.00067986094,2018
279.36432,4341364.0,0.0005655298,97569.89,0.0020635752,2018
277.07678,2150728.0,0.00048538018,97957.195,0.0043150918,2018
274.01837,3071244.0,0.00033942703,97555.63,0.0019620974,2019
277.30264,7480142.0,0.00080431066,98225.67,0.0014044318,2019
279.64142,9969674.0,0.0016774926,97805.83,0.0030681186,2019
282.1715,16028864.0,0.002527121,97370.34,0.0022972336,2019
283.96454,18269170.0,0.0029069465,97555.625,0.002559465,2019
291.8054,23533090.0,0.0043157507,97637.91,0.0020028367,2019
292.75958,22266492.0,0.0033263322,97632.69,0.0011963429,2019
292.3127,17913972.0,0.0027854312,97709.586,0.0019792358,2019
287.9782,12776588.0,0.0016438011,97927.555,0.0018594255,2019
284.68024,5893234.0,0.0011707265,97434.734,0.004326371,2019
278.14215,3577620.0,0.0006903792,96436.12,0.00391042,2019
277.34442,2415500.0,0.0005447706,97304.85,0.004129344,2019
277.1357,3030024.0,0.00042165164,98306.625,0.002130704,2020
278.5437,5472768.0,0.0012341458,97562.8,0.0061391513,2020
278.84238,11090316.0,0.001583186,97655.38,0.0028339336,2020
284.63052,20168026.0,0.0028901044,97672.61,0.0008430295,2020
286.1057,21319262.0,0.0033094566,98019.42,0.0014117656,2020
289.49014,20516012.0,0.0033850353,97410.29,0.0027875437,2020
291.40784,19945088.0,0.0028301496,97787.2,0.000613604,2020
293.9358,17594880.0,0.002307605,97460.81,0.001340695,2020
289.52112,13144743.0,0.0014577992,97686.55,0.0021802655,2020
283.48438,5496620.5,0.0012576375,97244.42,0.0040267757,2020
280.15833,4739080.0,0.0005847849,98309.8,0.0008221207,2020
277.10672,1927564.0,0.00042396877,96697.17,0.0048151836,2020
274.08743,2628568.0,0.0003691204,97092.734,0.004000303,2021
277.3947,6762192.0,0.0007418338,97726.25,0.0023941742,2021
278.19525,11790763.0,0.0015902771,98137.11,0.001973961,2021
279.31714,18194508.0,0.002431105,97880.86,0.0018025782,2021
283.15045,17840304.0,0.0030329702,97310.625,0.0035490084,2021
291.20325,20120356.0,0.0037214803,97767.695,0.004286864,2021
290.1483,16814730.0,0.0032509118,97569.4,0.0060343924,2021
289.36017,15299922.0,0.0029085567,97705.97,0.002816729,2021
288.54553,12635178.0,0.0021059075,97922.21,0.002105095,2021
283.3468,7279131.0,0.0012443094,97863.42,0.0029225673,2021
277.73877,3432684.0,0.00046236813,97591.53,0.002033581,2021
277.20227,2020836.0,0.0003139563,97439.82,0.0028776121,2021
275.4635,3106840.0,0.00036371127,98464.84,0.0028709315,2022
277.69232,5512702.0,0.00097333547,97865.95,0.0029504918,2022
279.40634,13277157.0,0.0016732272,98193.484,0.0010498838,2022
281.3782,15786790.0,0.002370134,97397.086,0.0021935946,2022
287.79538,20169960.0,0.0033322647,97836.984,0.0014353977,2022
290.81378,20836886.0,0.0037369467,97643.04,0.005523477,2022
292.5111,23361346.0,0.0039118454,98088.53,0.00041150086,2022
294.13995,19442848.0,0.0027484782,97712.53,0.0010501207,2022
287.14697,6568349.5,0.00096279616,97378.05,0.001364758,2022
286.5595,3968206.0,0.0006043385,97905.59,0.00208902,2022
280.8504,2136010.0,0.00040895864,97358.79,0.0014488047,2022
276.29135,1345306.0,0.00020958437,97384.04,0.0011357857,2022
